<?xml version="1.0" encoding="UTF-8" standalone="yes"?>
<addon id="repository.orangeaddon" name="Orange Addon Repository" version="0.1.0" provider-name="SrTaronja9JCT">
    <extension point="xbmc.addon.repository" name="Example Repository">
        <dir>
            <info compressed="false">https://raw.githubusercontent.com/MrOrange9-JCT/repository.orangeaddon/master/repo/zips/addons.xml</info>
            <checksum>https://raw.githubusercontent.com/MrOrange9-JCT/repository.orangeaddon/master/repo/zips/addons.xml.md5</checksum>
            <datadir zip="true">https://raw.githubusercontent.com/MrOrange9-JCT/repository.orangeaddon/master/repo/zips/</datadir>
        </dir>
    </extension>
    <extension point="xbmc.addon.metadata">
        <summary>Orange Addon Repository</summary>
        <description>Get updated versions of Orange Addon.</description>
        <disclaimer></disclaimer>
        <platform>all</platform>
        <assets>
            <icon>icon.png</icon>
            <fanart>fanart.jpg</fanart>
        </assets>
    </extension>
</addon>
